{
  "0": {
    "mean": 0.09698335277219494,
    "std": 0.0937650384029418,
    "count": 1000
  },
  "1": {
    "mean": 0.10402213730966839,
    "std": 0.0983242163664273,
    "count": 1000
  },
  "2": {
    "mean": 0.09350123513117388,
    "std": 0.08715631093199569,
    "count": 1000
  },
  "3": {
    "mean": 0.08393879402898712,
    "std": 0.08224091519179355,
    "count": 1000
  },
  "4": {
    "mean": 0.07665580031874018,
    "std": 0.07475443929385205,
    "count": 1000
  },
  "5": {
    "mean": 0.074890780385524,
    "std": 0.06750880670146292,
    "count": 1000
  },
  "6": {
    "mean": 0.07575849161961608,
    "std": 0.07027094914999152,
    "count": 1000
  },
  "7": {
    "mean": 0.08310234674278033,
    "std": 0.07774480243754343,
    "count": 1000
  },
  "8": {
    "mean": 0.08534698640632755,
    "std": 0.07809692553764126,
    "count": 1000
  },
  "9": {
    "mean": 0.08055626304381866,
    "std": 0.07444189265667507,
    "count": 1000
  },
  "10": {
    "mean": 0.07749678711679255,
    "std": 0.07505779167623007,
    "count": 1000
  },
  "11": {
    "mean": 0.07825293839830867,
    "std": 0.0719570535987756,
    "count": 1000
  },
  "12": {
    "mean": 0.08668056956179528,
    "std": 0.07885361120855319,
    "count": 1000
  },
  "13": {
    "mean": 0.12377016254826916,
    "std": 0.10984935724582633,
    "count": 1000
  },
  "14": {
    "mean": 0.14881697726576648,
    "std": 0.12560625791838628,
    "count": 1000
  },
  "15": {
    "mean": 0.13548421507381211,
    "std": 0.11922316918952834,
    "count": 1000
  },
  "16": {
    "mean": 0.11043168970342267,
    "std": 0.0962226492663876,
    "count": 1000
  },
  "17": {
    "mean": 0.11446331626199774,
    "std": 0.10033705143601125,
    "count": 1000
  },
  "18": {
    "mean": 0.10108708972008475,
    "std": 0.08774050434309913,
    "count": 1000
  },
  "19": {
    "mean": 0.09658152586227613,
    "std": 0.08854458928705765,
    "count": 1000
  },
  "20": {
    "mean": 0.09594189647502023,
    "std": 0.0863575201839754,
    "count": 1000
  },
  "21": {
    "mean": 0.09073264009759373,
    "std": 0.08461209053959398,
    "count": 1000
  },
  "22": {
    "mean": 0.0971982545274481,
    "std": 0.09586399392001659,
    "count": 1000
  },
  "23": {
    "mean": 0.08480269260742022,
    "std": 0.09230038188613823,
    "count": 1000
  }
}