{
  "0": {
    "0": {
      "mean": 0.7200972795586749,
      "std": 0.19722868962887463,
      "count": 485
    },
    "1": {
      "mean": 0.6944329081236423,
      "std": 0.19846902762714977,
      "count": 485
    },
    "2": {
      "mean": 0.682068754113323,
      "std": 0.19560420028553796,
      "count": 485
    },
    "3": {
      "mean": 0.6717149189546229,
      "std": 0.1961241414347606,
      "count": 485
    },
    "4": {
      "mean": 0.6548617172235295,
      "std": 0.20033449321552446,
      "count": 485
    },
    "5": {
      "mean": 0.644515300762926,
      "std": 0.1957033849864888,
      "count": 485
    },
    "6": {
      "mean": 0.632857670353935,
      "std": 0.20827143662529318,
      "count": 485
    },
    "7": {
      "mean": 0.6202218205368911,
      "std": 0.20714087106569595,
      "count": 485
    },
    "8": {
      "mean": 0.6087729727267701,
      "std": 0.2092304541425239,
      "count": 485
    },
    "9": {
      "mean": 0.6074806057143107,
      "std": 0.2166837419265896,
      "count": 485
    },
    "10": {
      "mean": 0.5974706604247917,
      "std": 0.22024291708875698,
      "count": 485
    },
    "11": {
      "mean": 0.5885011878491172,
      "std": 0.2150181766217147,
      "count": 485
    },
    "12": {
      "mean": 0.5762481988566786,
      "std": 0.21637272458089643,
      "count": 486
    },
    "13": {
      "mean": 0.5377290496361453,
      "std": 0.21690159542157728,
      "count": 486
    },
    "14": {
      "mean": 0.4922528614645872,
      "std": 0.22245954348184466,
      "count": 486
    },
    "15": {
      "mean": 0.45803999927098893,
      "std": 0.22837453432734303,
      "count": 486
    },
    "16": {
      "mean": 0.42808038316537667,
      "std": 0.2199427296941918,
      "count": 486
    },
    "17": {
      "mean": 0.41467657711403194,
      "std": 0.2088816704112914,
      "count": 486
    },
    "18": {
      "mean": 0.3961594998790658,
      "std": 0.20764540193874356,
      "count": 486
    },
    "19": {
      "mean": 0.3743665351521492,
      "std": 0.21114208243253815,
      "count": 486
    },
    "20": {
      "mean": 0.3802925764024103,
      "std": 0.2056767622025128,
      "count": 486
    },
    "21": {
      "mean": 0.38173943609366706,
      "std": 0.19000580841577702,
      "count": 486
    },
    "22": {
      "mean": 0.36059310688105134,
      "std": 0.18227859156677287,
      "count": 486
    },
    "23": {
      "mean": 0.33106581996974527,
      "std": 0.19195589789866302,
      "count": 486
    }
  },
  "1": {
    "0": {
      "mean": 0.2903997611571365,
      "std": 0.20779823208990506,
      "count": 515
    },
    "1": {
      "mean": 0.3080053490692708,
      "std": 0.20343421918268972,
      "count": 515
    },
    "2": {
      "mean": 0.3239916120143328,
      "std": 0.20906239289345754,
      "count": 515
    },
    "3": {
      "mean": 0.34524599633336284,
      "std": 0.2112858980851619,
      "count": 515
    },
    "4": {
      "mean": 0.362621654175132,
      "std": 0.21508123178207492,
      "count": 515
    },
    "5": {
      "mean": 0.37577690295305555,
      "std": 0.21121016127574088,
      "count": 515
    },
    "6": {
      "mean": 0.38709797684209873,
      "std": 0.21178192622946818,
      "count": 515
    },
    "7": {
      "mean": 0.3936777259428656,
      "std": 0.2140694847113934,
      "count": 515
    },
    "8": {
      "mean": 0.41363552092509465,
      "std": 0.21312453966787354,
      "count": 515
    },
    "9": {
      "mean": 0.4242041504543764,
      "std": 0.21514590386642052,
      "count": 515
    },
    "10": {
      "mean": 0.43316065193285064,
      "std": 0.21268698562729133,
      "count": 515
    },
    "11": {
      "mean": 0.4490113055466645,
      "std": 0.21177351847350986,
      "count": 515
    },
    "12": {
      "mean": 0.46286361283639565,
      "std": 0.20899144599289057,
      "count": 514
    },
    "13": {
      "mean": 0.4746864399872222,
      "std": 0.21609469421774136,
      "count": 514
    },
    "14": {
      "mean": 0.5099176945988424,
      "std": 0.21884135732826746,
      "count": 514
    },
    "15": {
      "mean": 0.5481171061149706,
      "std": 0.2176382226807627,
      "count": 514
    },
    "16": {
      "mean": 0.5650866916461896,
      "std": 0.20767414221918826,
      "count": 514
    },
    "17": {
      "mean": 0.6030729893211016,
      "std": 0.2064751886183749,
      "count": 514
    },
    "18": {
      "mean": 0.6222469836183071,
      "std": 0.20356929644080235,
      "count": 514
    },
    "19": {
      "mean": 0.6398360184806746,
      "std": 0.20455617337847842,
      "count": 514
    },
    "20": {
      "mean": 0.6444440437435651,
      "std": 0.1974543496080987,
      "count": 514
    },
    "21": {
      "mean": 0.6572703761619758,
      "std": 0.19215071364405495,
      "count": 514
    },
    "22": {
      "mean": 0.6902144870975656,
      "std": 0.1775123385230108,
      "count": 514
    },
    "23": {
      "mean": 0.7050935773158655,
      "std": 0.17292215751602658,
      "count": 514
    }
  }
}